#,Fire Name,Year,Start Date,State,County/Area,Nearest Town,Nearest PCT Landmark,Approx. PCT Mile,Latitude,Longitude,Size (Acres),Size (sq mi),Cause / Notes,Structures Destroyed,Fatalities,Financial Damage (Reported),Data Confidence,Source,% of RI
149,August Complex,2020,2020-08-16,CA,Glenn/Tehama/Mendocino/Lake/Trinity/Shasta,Elk Creek / Stonyford,Mendocino NF core - far west of PCT; Shasta/Trinity edge closer,~670 and 720,39.9,-122.8,1032648,1505.170313,Lightning; 935 structures destroyed; 1 firefighter fatality; largest CA fire on record. Core of fire (Mendocino NF) is well west of PCT corridor; only the Trinity/Shasta county edge is potentially within 50 mi -- NEEDS DISTANCE VERIFICATION for PCT relevance,935,,,NEEDS DISTANCE VERIFICATION vs 50-mi PCT corridor,August Complex fire (Wikipedia),0.974220267
12,Dixie Fire,2021,2021-07-13,CA,Sierra Nevada / N. California,Greenville / Belden,"PCT crosses directly near Belden, Lassen NF",~mi 1330-1350,39.819,-121.419,963309,1505.170313,Tree fell on PG&E power distribution line,1329,1,1150000000,Largest single wildfire in CA history at time of writing.,See Source #12,0.974220267
206,Park Fire,2024,2024-07-24,CA,Butte/Tehama,Chico / Butte Meadows,"Lassen NF, directly closed PCT segment",~1270-1379,40.15,-121.55,429603,646.4328125,Arson; 709 structures destroyed (CAL FIRE Top-20 list); closed 109 miles of PCT (Bucks Summit mi 1270 to Old Station/CA-44 mi 1379); 4th-largest wildfire in California history,709,,,County-level approximate coordinates; verify exact location against InciWeb/NIFC before publication,CAL FIRE incident updates / Active NorCal / KRCR TV,0.4184031149
184,Bootleg Fire,2021,2021-07-06,OR,Klamath,Fort Klamath / Chemult,Fremont-Winema NF / Crater Lake vicinity,~1800-1830,42.75,-122.15,413717,593.5859375,Lightning; Fremont-Winema NF near Sky Lakes Wilderness/PCT corridor; 3rd largest fire in Oregon history; 408 structures destroyed,408,,,County-level approximate coordinates; verify exact location against InciWeb/NIFC before publication,USFS PNW 2021 Wildfire Summary,0.3841980178
11,Creek Fire (2020),2020,2020-09-04,CA,Sierra Nevada,Shaver Lake / Big Creek / Huntington Lake,Reds Meadow / Devils Postpile (JMT/PCT corridor),~mi 906,37.191,-119.261,379895,593.5859375,Undetermined (probable lightning),856,0,500000000,Damage figure is a minimum reported estimate.,See Source #11,0.3841980178
148,North Complex Fire,2020,2020-08-17,CA,Plumas/Butte,Paradise / Quincy,Plumas NF,"~1,300–1,330",39.9,-121.3,318935,426.946875,"Lightning; 2,455 structures destroyed; 16 fatalities",2455,16,,County-level approximate coordinates; verify exact location against InciWeb/NIFC before publication,North Complex Fire (Wikipedia),0.2763410194
1,Cedar Fire,2003,2003-10-25,CA,Southern California,Julian / Ramona,Mt. Laguna - San Felipe Hills segment,~mi 60-90,33.017,-116.683,273246,426.946875,Signal fire set by a lost hunter,2820,15,1331000000,County-wide damage total (San Diego Co.); PCT runs ~10-20 mi west/north of core burn area.,See Source #1,0.2763410194
91,Rush,2012,2012-08-12,CA,Lassen,Old Station,Lassen NF,~1360-1420,40.55,-121.1,271911,402.053125,"Lightning; also burned into Washoe Co NV (total 315,577 ac)",,,,County-level approximate coordinates; verify exact location against InciWeb/NIFC before publication,2012 California wildfires / Rush Fire (Wikipedia),0.2602285599
10,Rim Fire,2013,2013-08-17,CA,Sierra Nevada,Groveland (Stanislaus Natl Forest / Yosemite),Sonora Pass vicinity,~mi 1017,37.85,-120.083,257314,402.053125,Illegal/escaped hunter's fire,112,0,127350000,Damage figure is reported suppression cost.,See Source #10,0.2602285599
139,Carr Fire,2018,2018-07-23,CA,Shasta/Trinity,Whiskeytown / Weaverville,Shasta-Trinity NF,~1500-1520,40.85,-122.55,229651,348.63125,Sparks from vehicle tire failure; 1604 structures destroyed; 8 fatalities; $1.659B damage,1604,8,,County-level approximate coordinates; verify exact location against InciWeb/NIFC before publication,Carr Fire (Wikipedia),0.2256512945
151,Monument Fire,2021,2021-07-30,CA,Trinity,Weaverville,Shasta-Trinity NF - western part,~1500-1520,40.85,-123.1,223124,346.6171875,NEEDS DISTANCE VERIFICATION,,,,NEEDS DISTANCE VERIFICATION vs 50-mi PCT corridor,CAL FIRE 2021 Incident Archive,0.2243476942
13,Caldor Fire,2021,2021-08-14,CA,Sierra Nevada,Grizzly Flats / South Lake Tahoe,PCT crosses directly near Echo Lake / Hwy 50,~mi 1084-1093,38.584,-120.534,221835,346.6171875,Gunfire (bullet ignition),1005,0,1200000000,Original curated entry (see Source #13 in Sources tab),See Source #13,0.2243476942
17,Lionshead Fire,2020,2020-08-16,OR,Oregon,Warm Springs / Detroit (Mt. Jefferson Wilderness),Mt. Jefferson Wilderness (PCT closed ~40 mi),~mi 2000-2040,44.72,-121.8,204469,319.4828125,Lightning,,0,,Final confirmed size per USFS PNW 2020 Wildfire Summary. Permanent PCT reroute.,See Source #17,0.2067849919
152,River Complex (2021),2021,2021-07-30,CA,Siskiyou/Trinity,Sawyers Bar / Salmon River,Klamath NF / Salmon River,~1650-1680,41.3,-123.1,199359,309.359375,Not specified,,,,County-level approximate coordinates; verify exact location against InciWeb/NIFC before publication,CAL FIRE 2021 Incident Archive,0.2002326052
64,Witch,2007,2007-10-21,CA,San Diego,Julian / Mt. Laguna,Mt. Laguna / San Felipe Hills,~40-90,33,-116.6,197990,302.4578125,"1650 structures destroyed, 2 civilian fatalities",1650,2,,County-level approximate coordinates; verify exact location against InciWeb/NIFC before publication,2007 California wildfires (Wikipedia),0.1957655744
18,Beachie Creek Fire,2020,2020-08-16,OR,Oregon,Gates / Mill City / Lyons (Santiam Canyon),"Opal Creek Wilderness, near Mt. Jefferson PCT corridor",~mi 2000-2020,44.821,-122.188,193573,302.4578125,"Lightning ignition; 2025 ODF investigation found spread was from embers, not power lines",1568,5,25200000,"Merged with Lionshead/P-515 into 402,274-acre Santiam Fire complex; totals are combined.",See Source #18,0.1957655744
71,Klamath Theater Complex,2008,2008-06-21,CA,Siskiyou,Etna / Seiad Valley,Klamath NF,~1600-1650,41.7,-122.85,192038,298.6328125,2 firefighters killed,,,,County-level approximate coordinates; verify exact location against InciWeb/NIFC before publication,2008 California wildfires (Wikipedia),0.1932898463
201,Chetco Bar Fire,2017,2017-07-12,OR,Curry,Brookings,"Kalmiopsis Wilderness - coastal, west of PCT corridor","~1,690–1,709",42.35,-124.05,191125,272.153125,"Lightning; Kalmiopsis Wilderness; NEEDS DISTANCE VERIFICATION -- coastal Rogue River-Siskiyou NF, likely west of 50mi PCT corridor",,,,NEEDS DISTANCE VERIFICATION vs 50-mi PCT corridor,Chetco Bar Fire (Wikipedia),0.17615089
147,SQF Complex (Castle/Shotgun),2020,2020-08-19,CA,Tulare,Three Rivers / Kernville,Sequoia NF / Kern River,~766-800,36.1,-118.55,174178,270.9265625,Lightning; 228 structures destroyed; severe giant sequoia grove damage,228,,,County-level approximate coordinates; verify exact location against InciWeb/NIFC before publication,SQF Complex (Wikipedia),0.1753569984
192,Holiday Farm Fire,2020,2020-09-07,OR,Lane,Oakridge,Willamette NF / Waldo Lake,~1930-1960,43.75,-122.15,173393,250.9015625,"Labor Day windstorm; Willamette NF, directly on PCT corridor",,,,County-level approximate coordinates; verify exact location against InciWeb/NIFC before publication,USFS PNW 2020 Wildfire Summary,0.1623958333
83,Station Fire,2009,2009-08-26,CA,Los Angeles,Wrightwood,Angeles NF,~365-425,34.35,-117.8,160577,245.6703125,Arson; 2 firefighter fatalities; $94.7 million damage,,,$94.7 million,County-level approximate coordinates; verify exact location against InciWeb/NIFC before publication,2009 California wildfires / Station Fire (2009) Wikipedia,0.159009911
16,Slater Fire,2020,2020-09-08,CA,Northern California,Happy Camp,"Klamath Natl Forest, near PCT Seiad Valley segment",~mi 1620-1650,41.8,-123.4,157229,245.6703125,PacifiCorp power lines (per 2024 federal settlement),,,,Coordinates approximate. Structures/fatalities not independently confirmed.,See Source #16,0.159009911
140,Camp Fire,2018,2018-11-08,CA,Butte,Paradise,Plumas NF vicinity,1286.8,39.85,-121.4,153336,236.9109375,"PG&E electrical transmission line; 18,804 structures destroyed; 85 fatalities; $16.65B damage; NEEDS DISTANCE VERIFICATION vs PCT (Plumas NF adjacent)",18804,85,,NEEDS DISTANCE VERIFICATION vs 50-mi PCT corridor,Camp Fire 2018 (Wikipedia),0.1533404126
115,Rough Fire,2015,2015-07-31,CA,Fresno,Shaver Lake / Huntington Lake,Sierra NF,~870-906,37.1,-119.1,151623,235.4625,Lightning; 4 structures destroyed,4,,,County-level approximate coordinates; verify exact location against InciWeb/NIFC before publication,2015 California wildfires / Rough Fire (Wikipedia),0.1524029126
33,McNally,2002,2002-07-21,CA,Tulare,Three Rivers / Kernville,Sequoia NF / Kern River,~766-800,36.1,-118.55,150696,227.55,17 structures destroyed,17,,,County-level approximate coordinates; verify exact location against InciWeb/NIFC before publication,2002 California wildfires (Wikipedia),0.1472815534
153,Antelope Fire,2021,2021-08-01,CA,Siskiyou,Etna / Seiad Valley,Klamath NF,~1600-1650,41.7,-122.85,145632,215.709375,Lightning,,,,County-level approximate coordinates; verify exact location against InciWeb/NIFC before publication,Antelope Fire (Wikipedia),0.1396177184
193,Riverside Fire,2020,2020-09-07,OR,Clackamas,Estacada,Mt. Hood NF,~2050-2090,45.15,-122.1,138054,209.4625,"Labor Day windstorm; Mt. Hood NF, PCT corridor; grew 112,000 acres in first 30 hours",,,,County-level approximate coordinates; verify exact location against InciWeb/NIFC before publication,USFS PNW 2020 Wildfire Summary,0.1355744337
113,Happy Camp Complex,2014,2014-08-14,CA,Siskiyou,Etna / Seiad Valley,Klamath NF,~1600-1650,41.7,-122.85,134056,205.534375,6 structures destroyed,6,,,County-level approximate coordinates; verify exact location against InciWeb/NIFC before publication,2014 California wildfires (Wikipedia),0.1330319579
194,Archie Creek Fire,2020,2020-09-07,OR,Douglas,Chemult / Diamond Lake,Umpqua NF / Windigo Pass,~1870-1910,43.25,-122.15,131542,198.8796875,"Labor Day windstorm; Umpqua NF near PCT corridor; PacifiCorp found liable, part of $575M settlement",,,,County-level approximate coordinates; verify exact location against InciWeb/NIFC before publication,USFS PNW 2020 Wildfire Summary,0.1287247168
199,Cedar Creek Fire (2022),2022,2022-08-01,OR,Lane,Oakridge,Willamette NF / Waldo Lake,~1930-1960,43.75,-122.15,127283,191.6453125,"Lightning; Willamette NF near Oakridge/Waldo Lake, directly on PCT corridor",,,,County-level approximate coordinates; verify exact location against InciWeb/NIFC before publication,Cedar Creek Fire (Wikipedia),0.1240422735
154,McFarland Fire,2021,2021-07-30,CA,Shasta/Trinity/Tehama,Whiskeytown vicinity,Shasta-Trinity NF,"~1,350–1,400",40.7,-122.5,122653,181.2453125,NEEDS DISTANCE VERIFICATION,,,,NEEDS DISTANCE VERIFICATION vs 50-mi PCT corridor,CAL FIRE 2021 Incident Archive,0.1173108819
7,Bobcat Fire,2020,2020-09-06,CA,Southern California,Monrovia / Arcadia / Juniper Hills,Angeles Natl Forest segment,~mi 365-425,34.241,-117.868,115997,181.2453125,Tree contacted power line (Southern California Edison),169,0,100000000,Suppression cost ~$100M; SCE separately paid US govt $82.5M settlement (2025).,See Source #7,0.1173108819
190,Schneider Springs Fire,2021,2021-,WA,Yakima,Naches / White Pass,Okanogan-Wenatchee NF,~2280-2300,46.75,-121.3,107322,165.3203125,"Okanogan-Wenatchee NF, PCT corridor",,,,County-level approximate coordinates; verify exact location against InciWeb/NIFC before publication,USFS PNW 2021 Wildfire Summary,0.1070034385
74,Iron Alps Complex,2008,2008-06-21,CA,Trinity,Weaverville,Shasta-Trinity NF - western part,"~1,500–1,550",40.85,-123.1,105805,165.109375,10 fatalities; NEEDS DISTANCE VERIFICATION,,10,,NEEDS DISTANCE VERIFICATION vs 50-mi PCT corridor,2008 California wildfires (Wikipedia),0.1068669094
155,Beckwourth Complex,2021,2021-07-04,CA,Plumas,Quincy,Plumas NF,~1290-1330,39.95,-120.85,105670,156.896875,Not specified,,,,County-level approximate coordinates; verify exact location against InciWeb/NIFC before publication,CAL FIRE 2021 Incident Archive,0.1015513754
52,Bar Complex,2006,2006-07-27,CA,Trinity,Weaverville,Shasta-Trinity NF - western part,"~1,500–1,550",40.85,-123.1,100414,154.2421875,NEEDS DISTANCE VERIFICATION vs PCT,,,,NEEDS DISTANCE VERIFICATION vs 50-mi PCT corridor,2006 California wildfires (Wikipedia),0.09983313107
68,Lime Complex,2008,2008-06-20,CA,Trinity,Weaverville,Shasta-Trinity NF - western part,1348,40.85,-123.1,98715,152.6828125,NEEDS DISTANCE VERIFICATION,,,,NEEDS DISTANCE VERIFICATION vs 50-mi PCT corridor,2008 California wildfires (Wikipedia),0.09882382686
114,King,2014,2014-09-13,CA,El Dorado,South Lake Tahoe,Eldorado NF / Echo Summit,~1084-1093,38.83,-120.2,97717,152.3875,80 structures destroyed,80,,,County-level approximate coordinates; verify exact location against InciWeb/NIFC before publication,2014 California wildfires (Wikipedia),0.09863268608
156,Windy Fire,2021,2021-09-09,CA,Tulare,Three Rivers / Kernville,Sequoia NF / Kern River,~766-800,36.1,-118.55,97528,151.4078125,Lightning; 128 structures destroyed; killed hundreds of large sequoias,128,,,County-level approximate coordinates; verify exact location against InciWeb/NIFC before publication,Windy Fire (Wikipedia),0.09799858414
141,Ferguson Fire,2018,2018-07-13,CA,Mariposa/Tuolumne,Groveland,Stanislaus NF / Sonora Pass vicinity,~1000-1020,37.9,-119.8,96901,148.378125,Faulty vehicle catalytic converter; 2 firefighter fatalities; 10 structures destroyed,10,,,County-level approximate coordinates; verify exact location against InciWeb/NIFC before publication,Ferguson Fire (Wikipedia),0.09603762136
157,McCash Fire,2021,2021-08-18,CA,Siskiyou,Etna / Seiad Valley,Klamath NF,~1600-1650,41.7,-122.85,94962,143.453125,Not specified,,,,County-level approximate coordinates; verify exact location against InciWeb/NIFC before publication,CAL FIRE 2021 Incident Archive,0.09284991909
185,Cougar Peak Fire,2021,2021-,OR,Klamath/Lake,Beatty / Bly,Fremont-Winema NF,~1780-1820,42.55,-121.1,91810,142.6265625,Fremont-Winema NF,,,,County-level approximate coordinates; verify exact location against InciWeb/NIFC before publication,USFS PNW 2021 Wildfire Summary,0.09231492718
2,Old Fire,2003,2003-10-25,CA,Southern California,San Bernardino / Lake Arrowhead / Crestline,San Bernardino Mtns segment,~mi 300-330,34.2,-117.28,91281,142.6265625,Arson (convicted: Rickie Lee Fowler),993,6,1200000000,PCT runs directly through the San Bernardino Mtns burn area.,See Source #2,0.09231492718
63,Harris,2007,2007-10-21,CA,San Diego,Julian / Mt. Laguna,Mt. Laguna / San Felipe Hills,~40-90,33,-116.6,90440,137.9796875,"472 structures destroyed, 1 civilian fatality",472,1,,County-level approximate coordinates; verify exact location against InciWeb/NIFC before publication,2007 California wildfires (Wikipedia),0.0893072411
14,KNP Complex Fire,2021,2021-09-09,CA,Sierra Nevada,Sequoia National Park,~25-30 mi west of PCT/JMT crest (Mt. Whitney area),~mi 766-790,36.567,-118.811,88307,137.9796875,Lightning,4,0,170000000,Damage figure is reported suppression cost.,See Source #14,0.0893072411
125,Long Valley Fire,2017,2017-07-11,CA,Lassen,Old Station,Lassen NF,~1360-1420,40.55,-121.1,83733,128.415625,Not specified,,,,County-level approximate coordinates; verify exact location against InciWeb/NIFC before publication,CAL FIRE 2017 Incident Archive,0.08311690939
70,Blue 2 Complex,2008,2008-06-20,CA,Siskiyou,Etna / Seiad Valley,Klamath NF,~1600-1650,41.7,-122.85,82186,127.853125,Merged into Klamath Theater Complex,,,,County-level approximate coordinates; verify exact location against InciWeb/NIFC before publication,2008 California wildfires (Wikipedia),0.08275283172
126,Detwiler Fire,2017,2017-07-16,CA,Mariposa,Mariposa,Yosemite south entrance vicinity,1017,37.65,-119.85,81826,122.965625,NEEDS DISTANCE VERIFICATION,,,,NEEDS DISTANCE VERIFICATION vs 50-mi PCT corridor,CAL FIRE 2017 Incident Archive,0.07958940129
127,Eclipse Complex,2017,2017-08-15,CA,Siskiyou,Etna / Seiad Valley,Klamath NF,~1600-1650,41.7,-122.85,78698,120.4390625,Not specified,,,,County-level approximate coordinates; verify exact location against InciWeb/NIFC before publication,CAL FIRE 2017 Incident Archive,0.07795408576
121,River Complex (2015),2015,2015-07-30,CA,Trinity,Weaverville,Shasta-Trinity NF - western part,1600,40.85,-123.1,77081,119.98125,NEEDS DISTANCE VERIFICATION,,,,NEEDS DISTANCE VERIFICATION vs 50-mi PCT corridor,CAL FIRE 2015 Incident Archive,0.07765776699
161,Mosquito Fire,2022,2022-09-06,CA,El Dorado/Placer,Foresthill / Michigan Bluff,Tahoe/Eldorado NF,~1150-1170,39,-120.65,76788,117.5265625,Under investigation; 78 structures destroyed,78,,,County-level approximate coordinates; verify exact location against InciWeb/NIFC before publication,Mosquito Fire (Wikipedia) / CAL FIRE 2022 Incident Archive,0.07606897249
92,Chips,2012,2012-07-29,CA,Plumas,Quincy,Plumas NF,~1290-1330,39.95,-120.85,75217,116.3109375,9 structures destroyed,9,,,County-level approximate coordinates; verify exact location against InciWeb/NIFC before publication,2012 California wildfires (Wikipedia),0.07528216019
22,Manter,2000,,CA,Tulare,Three Rivers / Kernville,Sequoia NF / Kern River,~766-800,36.1,-118.55,74439,113.0375,Unknown/notable per CalFire large fires list,,,,County-level approximate coordinates; verify exact location against InciWeb/NIFC before publication,2000 California wildfires (Wikipedia),0.07316343042
79,Panther,2008,2008-07-24,CA,Siskiyou,Etna / Seiad Valley,Klamath NF,~1600-1650,41.7,-122.85,72344,112.9828125,Not specified,,,,County-level approximate coordinates; verify exact location against InciWeb/NIFC before publication,2008 California wildfires (Wikipedia),0.07312803398
203,High Cascades Complex,2017,2017-07-26,OR,Klamath/Douglas/Jackson,Crater Lake,Crater Lake NP / High Cascades,~1800-1830,42.94,-122.15,72309,110.73125,"Lightning; 20 fires across Crater Lake NP, Rogue River-Siskiyou, Umpqua, Fremont-Winema NFs -- directly on PCT corridor near Crater Lake",,,,County-level approximate coordinates; verify exact location against InciWeb/NIFC before publication,High Cascades Complex fires (Wikipedia),0.07167071197
116,Butte Fire (2015),2015,2015-09-09,CA,Amador/Calaveras,San Andreas / Jackson,Eldorado NF vicinity,~1050-1084,38.35,-120.55,70868,109.546875,"965 structures destroyed, 2 fatalities",965,2,,County-level approximate coordinates; verify exact location against InciWeb/NIFC before publication,Butte Fire (Wikipedia),0.07090412621
186,Devils Knob Complex,2021,2021-,OR,Douglas,Chemult / Diamond Lake,Umpqua NF / Windigo Pass,~1870-1910,43.25,-122.15,70110,107.2453125,"Umpqua NF, near PCT Windigo Pass/Diamond Peak corridor",,,,County-level approximate coordinates; verify exact location against InciWeb/NIFC before publication,USFS PNW 2021 Wildfire Summary,0.06941444175
158,Tamarack Fire,2021,2021-07-04,CA,Alpine,Markleeville,"Mokelumne Wilderness / Hwy 4,88",~1084-1093,38.7,-119.85,68637,105.78125,Lightning; 23 structures destroyed; $8.7M damage; closed Hwy 4/88/89 PCT-adjacent corridor,23,,,County-level approximate coordinates; verify exact location against InciWeb/NIFC before publication,Tamarack Fire (Wikipedia),0.06846682848
25,Observation,2001,,CA,Lassen,Old Station,Lassen NF,~1360-1420,40.55,-121.1,67700,104.521875,Lightning,,,,County-level approximate coordinates; verify exact location against InciWeb/NIFC before publication,2001 California wildfires (Wikipedia),0.06765169903
37,Grand Prix,2003,2003-10-21,CA,San Bernardino,Big Bear / Lake Arrowhead,San Bernardino NF,~205-342,34.2,-117.15,66894,101.5578125,136 structures destroyed,136,,,County-level approximate coordinates; verify exact location against InciWeb/NIFC before publication,2003 California wildfires (Wikipedia),0.06573321197
60,Moonlight,2007,2007-09-03,CA,Plumas,Quincy,Plumas NF,~1290-1330,39.95,-120.85,64997,98.9234375,21 structures destroyed,21,,,County-level approximate coordinates; verify exact location against InciWeb/NIFC before publication,2007 California wildfires (Wikipedia),0.06402811489
143,Delta Fire,2018,2018-09-05,CA,Shasta,Mt. Shasta City,Shasta-Trinity NF,~1500-1520,41,-122.2,63311,96.875,Arson (Cynthia Ann LeRoux); 42 structures destroyed; near I-5/Castle Crags PCT corridor,42,,,County-level approximate coordinates; verify exact location against InciWeb/NIFC before publication,Delta Fire (Wikipedia),0.06270226537
48,Sawtooth Complex,2006,2006-07-09,CA,San Bernardino,Big Bear / Lake Arrowhead,San Bernardino NF,~205-342,34.2,-117.15,62000,96.390625,"273 structures destroyed, 1 civilian fatality",273,1,,County-level approximate coordinates; verify exact location against InciWeb/NIFC before publication,2006 California wildfires (Wikipedia),0.06238875405
34,Pines,2002,2002-07-29,CA,San Diego,Julian / Mt. Laguna,Mt. Laguna / San Felipe Hills,~40-90,33,-116.6,61690,94.1609375,Damaged electric power lines; 160 structures destroyed,160,,,County-level approximate coordinates; verify exact location against InciWeb/NIFC before publication,2002 California wildfires (Wikipedia),0.06094559061
182,Garnet Fire,2025,2025-08-24,CA,Fresno,Shaver Lake / Huntington Lake,Sierra NF,~870-906,37.1,-119.1,60263,93.965625,"Lightning-caused; north of Kings River, Sierra NF",,,,County-level approximate coordinates; verify exact location against InciWeb/NIFC before publication,2025 California wildfires (Wikipedia),0.06081917476
15,McKinney Fire,2022,2022-07-29,CA,Northern California,Klamath River / Yreka,"Klamath Natl Forest, near Seiad Valley",~mi 1600-1620,41.833,-122.894,60138,93.965625,Under investigation,196,4,87400000,Deadliest CA wildfire of 2022.,See Source #15,0.06081917476
171,Borel Fire,2024,2024-07-24,CA,Kern,Kernville / Lake Isabella,Kern River / Kennedy Meadows,~650-702,35.75,-118.45,59288,91.2515625,223 structures destroyed near Lake Isabella/Kernville,223,,,County-level approximate coordinates; verify exact location against InciWeb/NIFC before publication,Borel Fire 2024 (Wikipedia),0.0590625
62,Ranch (2007),2007,2007-10-20,CA,Los Angeles,Wrightwood,Angeles NF,~365-425,34.35,-117.8,58401,88.59375,"10 structures destroyed; NEEDS DISTANCE VERIFICATION (Castaic area, west edge of Angeles NF)",10,,,NEEDS DISTANCE VERIFICATION vs 50-mi PCT corridor,2007 California wildfires (Wikipedia),0.05734223301
41,Paradise,2003,2003-10-26,CA,San Diego,Julian / Mt. Laguna,Mt. Laguna / San Felipe Hills,~40-90,33,-116.6,56700,87.546875,"223 structures destroyed, 2 fatalities",223,2,,County-level approximate coordinates; verify exact location against InciWeb/NIFC before publication,2003 California wildfires (Wikipedia),0.05666464401
9,Bridge Fire,2024,2024-09-08,CA,Southern California,Wrightwood / Mount Baldy Village,Near Cajon Pass / Wrightwood,~mi 369,34.239,-117.762,56030,87.546875,Under investigation,81,0,,Original curated entry (see Source #9 in Sources tab),See Source #9,0.05666464401
191,Cedar Creek Fire (2021 WA),2021,2021-,WA,Okanogan,Winthrop,Okanogan-Wenatchee NF,~2570-2600,48.25,-120.6,55572,86.3453125,"Okanogan-Wenatchee NF, PCT corridor",,,,County-level approximate coordinates; verify exact location against InciWeb/NIFC before publication,USFS PNW 2021 Wildfire Summary,0.05588693366
23,Storrie,2000,,CA,Plumas,Quincy,Plumas NF,~1290-1330,39.95,-120.85,55261,85.33125,Union Pacific railroad track repairs,,,,County-level approximate coordinates; verify exact location against InciWeb/NIFC before publication,2000 California wildfires (Wikipedia),0.05523058252
145,Walker Fire (2019),2019,2019-09-04,CA,Plumas,Quincy,Plumas NF,~1290-1330,39.95,-120.85,54612,79.6109375,Under investigation,,,,County-level approximate coordinates; verify exact location against InciWeb/NIFC before publication,Walker Fire 2019 (Wikipedia),0.05152811489
195,Brattain Fire,2020,2020-09-,OR,Lake,Silver Lake / Paisley,Fremont-Winema NF,N/A (bordering),42.75,-120.75,50951,78.7640625,Fremont-Winema NF,,,,County-level approximate coordinates; verify exact location against InciWeb/NIFC before publication,USFS PNW 2020 Wildfire Summary,0.05097997573
187,Rough Patch Complex,2021,2021-,OR,Douglas,Chemult / Diamond Lake,Umpqua NF / Windigo Pass,~1870-1910,43.25,-122.15,50409,78.190625,"Umpqua NF, near PCT corridor",,,,County-level approximate coordinates; verify exact location against InciWeb/NIFC before publication,USFS PNW 2021 Wildfire Summary,0.05060881877
112,July Complex,2014,2014-08-03,CA,Siskiyou,Etna / Seiad Valley,Klamath NF,~1600-1650,41.7,-122.85,50042,78.125,2 structures destroyed,2,,,County-level approximate coordinates; verify exact location against InciWeb/NIFC before publication,2014 California wildfires (Wikipedia),0.05056634304
20,Norse Peak Fire,2017,2017-08-11,WA,Washington,Chinook Pass / Mt. Rainier vicinity,Norse Peak Wilderness (PCT closed ~100 mi),~mi 2280-2380,46.95,-121.42,50000,78.125,"Lightning (Aug 10-11, 2017 storm)",,0,,PCTA reported closure of nearly 100 mi of PCT in WA. Final acreage approximate.,See Source #20,0.05056634304
67,Poomacha,2007,2007-10-23,CA,San Diego,Julian / Mt. Laguna,Mt. Laguna / San Felipe Hills,~40-90,33,-116.6,49410,76.04375,217 structures destroyed,217,,,County-level approximate coordinates; verify exact location against InciWeb/NIFC before publication,2007 California wildfires (Wikipedia),0.04921925566
19,Eagle Creek Fire,2017,2017-09-02,OR,Oregon,Cascade Locks (Columbia River Gorge),PCT / Eagle Creek Trail (popular PCT alternate),~mi 2145,45.63,-121.904,48668,76.04375,Illegal use of fireworks by a minor,,0,36600000,"$36.6M is court-ordered restitution, not an independent damage appraisal.",See Source #19,0.04921925566
123,Erskine Fire,2016,2016-06-23,CA,Kern,Kernville / Lake Isabella,Kern River / Kennedy Meadows,~650-702,35.75,-118.45,48019,74.5,Not specified,,,,County-level approximate coordinates; verify exact location against InciWeb/NIFC before publication,CAL FIRE 2016 Incident Archive,0.04822006472
73,Canyon Complex (2008),2008,2008-06-21,CA,Plumas,Quincy,Plumas NF,~1290-1330,39.95,-120.85,47680,74.4484375,Not specified,,,,County-level approximate coordinates; verify exact location against InciWeb/NIFC before publication,2008 California wildfires (Wikipedia),0.04818669094
81,Camp Beldon and Pit,2008,2008-07-08,CA,Butte,Paradise,Plumas NF vicinity,N/A (bordering),39.85,-121.4,47647,72.3296875,NEEDS DISTANCE VERIFICATION,,,,NEEDS DISTANCE VERIFICATION vs 50-mi PCT corridor,2008 California wildfires (Wikipedia),0.04681533172
38,Otay,2003,2003-10-26,CA,San Diego,Julian / Mt. Laguna,Mt. Laguna / San Felipe Hills,~40-90,33,-116.6,46291,71.8921875,6 structures destroyed; 1 firefighter injured,6,,,County-level approximate coordinates; verify exact location against InciWeb/NIFC before publication,2003 California wildfires (Wikipedia),0.04653216019
96,Bagley,2012,2012-08-18,CA,Shasta,Mt. Shasta City,Shasta-Trinity NF,~1500-1520,41,-122.2,46011,71.875,Not specified,,,,County-level approximate coordinates; verify exact location against InciWeb/NIFC before publication,2012 California wildfires (Wikipedia),0.0465210356
39,Mine,2003,2003-10-26,CA,San Diego,Julian / Mt. Laguna,Mt. Laguna / San Felipe Hills,~40-90,33,-116.6,46000,68.715625,Not specified,,,,County-level approximate coordinates; verify exact location against InciWeb/NIFC before publication,2003 California wildfires (Wikipedia),0.04447613269
172,Line Fire,2024,2024-09-05,CA,San Bernardino,Big Bear / Lake Arrowhead,San Bernardino NF,~205-342,34.2,-117.15,43978,62.8125,"Evacuation orders for Highland and Running Springs, San Bernardino Mtns -- directly on PCT corridor",,,,County-level approximate coordinates; verify exact location against InciWeb/NIFC before publication,2024 California wildfires (Wikipedia),0.04065533981
50,Esperanza,2006,2006-10-26,CA,Riverside,Idyllwild / Anza,San Jacinto Mtns,~151-200,33.75,-116.75,40200,62.0875,54 structures destroyed; 5 firefighters + 1 civilian killed,54,,,County-level approximate coordinates; verify exact location against InciWeb/NIFC before publication,2006 California wildfires (Wikipedia),0.04018608414
109,Bald,2014,2014-07-30,CA,Shasta,Mt. Shasta City,Shasta-Trinity NF,~1500-1520,41,-122.2,39736,62.0546875,Not specified,,,,County-level approximate coordinates; verify exact location against InciWeb/NIFC before publication,2014 California wildfires (Wikipedia),0.04016484628
128,Miller Complex (2017),2017,2017-08-14,CA,Siskiyou,Etna / Seiad Valley,Klamath NF,~1600-1650,41.7,-122.85,39715,60.5234375,Not specified,,,,County-level approximate coordinates; verify exact location against InciWeb/NIFC before publication,CAL FIRE 2017 Incident Archive,0.03917374595
197,Pioneer Fire (2024),2024,2024-06-08,WA,Chelan,Stehekin,North Cascades / Lake Chelan,~2580-2600,48.3,-120.7,38735,59.93125,"Undetermined cause; threatened Stehekin, near PCT North Cascades segment",,,,County-level approximate coordinates; verify exact location against InciWeb/NIFC before publication,Pioneer Fire (Wikipedia),0.03879045307
65,Buckweed,2007,2007-10-21,CA,Los Angeles,Wrightwood,Angeles NF,~365-425,34.35,-117.8,38356,59.521875,63 structures destroyed; caused by child with matches; NEEDS DISTANCE VERIFICATION,63,,,NEEDS DISTANCE VERIFICATION vs 50-mi PCT corridor,2007 California wildfires (Wikipedia),0.03852548544
36,Williams,2002,2002-09-22,CA,Los Angeles,Wrightwood,Angeles NF,~365-425,34.35,-117.8,38094,59.3875,77 structures destroyed,77,,,County-level approximate coordinates; verify exact location against InciWeb/NIFC before publication,2002 California wildfires (Wikipedia),0.03843851133
144,Klamathon Fire,2018,2018-07-05,CA,Siskiyou,Etna / Seiad Valley,Klamath NF,~1600-1650,41.7,-122.85,38008,58.196875,Reckless burning; 82 structures destroyed; 1 fatality,82,1,,County-level approximate coordinates; verify exact location against InciWeb/NIFC before publication,Klamathon Fire (Wikipedia),0.03766788026
101,Forks Complex,2013,2013-07-31,CA,Siskiyou,Etna / Seiad Valley,Klamath NF,~1600-1650,41.7,-122.85,37246,57.853125,Not specified,,,,County-level approximate coordinates; verify exact location against InciWeb/NIFC before publication,2013 California wildfires (Wikipedia),0.03744538835
77,Piute,2008,2008-06-28,CA,Kern,Kernville / Lake Isabella,Kern River / Kennedy Meadows,~650-702,35.75,-118.45,37026,57.11875,Not specified,,,,County-level approximate coordinates; verify exact location against InciWeb/NIFC before publication,2008 California wildfires (Wikipedia),0.03697006472
129,Pier Fire,2017,2017-08-29,CA,Tulare,Three Rivers / Kernville,Sequoia NF / Kern River,~766-800,36.1,-118.55,36556,57.0359375,Not specified,,,,County-level approximate coordinates; verify exact location against InciWeb/NIFC before publication,CAL FIRE 2017 Incident Archive,0.0369164644
117,Fork Complex,2015,2015-07-30,CA,Trinity,Weaverville,Shasta-Trinity NF - western part,"N/A (bordering, likely west of corridor)",40.85,-123.1,36503,56.953125,NEEDS DISTANCE VERIFICATION,,,,NEEDS DISTANCE VERIFICATION vs 50-mi PCT corridor,CAL FIRE 2015 Incident Archive,0.03686286408
142,Donnell Fire,2018,2018-08-01,CA,Tuolumne,Dardanelle / Sonora Pass,Stanislaus NF / Hwy 108,~1017,38.35,-119.95,36450,56.678125,Unattended illegal campfire; 135 structures destroyed; closed PCT and Sonora Pass Hwy 108 corridor directly,135,,,County-level approximate coordinates; verify exact location against InciWeb/NIFC before publication,Donnell Fire (Wikipedia),0.03668487055
4,Blue Cut Fire,2016,2016-08-16,CA,Southern California,Cajon Pass / Wrightwood,Cajon Pass (PCT crosses directly),~mi 342,34.268,-117.457,36274,56.678125,Under investigation / undetermined,318,0,,Structures = 105 homes + 213 outbuildings.,See Source #4,0.03668487055
58,Inyo Complex (2007),2007,2007-07-06,CA,Inyo,Independence / Big Pine,Inyo NF / Sierra crest,~766-880,36.85,-118.3,35176,53.503125,33 structures destroyed,33,,,County-level approximate coordinates; verify exact location against InciWeb/NIFC before publication,2007 California wildfires (Wikipedia),0.03462985437
205,Flat Fire (2023),2023,2023-07-15,OR,Curry,Brookings,"Kalmiopsis Wilderness - coastal, west of PCT corridor",1720,42.35,-124.05,34242,53.2671875,"Human-caused; near Agness, Rogue River-Siskiyou NF; NEEDS DISTANCE VERIFICATION -- coastal SW Oregon, likely west of 50mi PCT corridor",,,,NEEDS DISTANCE VERIFICATION vs 50-mi PCT corridor,Flat Fire 2023 (Wikipedia),0.03447714401
80,Telegraph (2008),2008,2008-07-25,CA,Mariposa,Mariposa,Yosemite south entrance vicinity,N/A (bordering),37.65,-119.85,34091,53.125,NEEDS DISTANCE VERIFICATION,,,,NEEDS DISTANCE VERIFICATION vs 50-mi PCT corridor,2008 California wildfires (Wikipedia),0.03438511327
54,Canyon (2006),2006,2006-07-09,CA,Stanislaus,Sonora Pass vicinity,Stanislaus NF,~1017,38.1,-119.9,34000,52.9171875,11 structures destroyed; NEEDS DISTANCE VERIFICATION,11,,,NEEDS DISTANCE VERIFICATION vs 50-mi PCT corridor,2006 California wildfires (Wikipedia),0.0342506068
122,Gap Fire (2016),2016,2016-08-27,CA,Siskiyou,Etna / Seiad Valley,Klamath NF,~1600-1650,41.7,-122.85,33867,52.225,Not specified,,,,County-level approximate coordinates; verify exact location against InciWeb/NIFC before publication,CAL FIRE 2016 Incident Archive,0.033802589
150,Apple Fire,2020,2020-07-31,CA,Riverside,Idyllwild / Anza,San Jacinto Mtns,~151-200,33.75,-116.75,33424,51.603125,"Near Cherry Valley/Oak Glen, San Bernardino NF; cause not independently confirmed this session",,,,County-level approximate coordinates; verify exact location against InciWeb/NIFC before publication,CAL FIRE Statewide Fire Summary Sept 6 2020 (goldrushcam.com),0.03340008091
169,SQF Lightning Complex (2024),2024,2024-07-13,CA,Tulare,Three Rivers / Kernville,Sequoia NF / Kern River,~766-800,36.1,-118.55,33026,50.775,Comprised Trout and Long fires; lightning,,,,County-level approximate coordinates; verify exact location against InciWeb/NIFC before publication,2024 California wildfires (Wikipedia),0.03286407767
110,Beaver,2014,2014-07-30,CA,Siskiyou,Etna / Seiad Valley,Klamath NF,~1600-1650,41.7,-122.85,32496,50.65,6 structures destroyed,6,,,County-level approximate coordinates; verify exact location against InciWeb/NIFC before publication,2014 California wildfires (Wikipedia),0.03278317152
111,Eiler,2014,2014-07-31,CA,Shasta,Mt. Shasta City,Shasta-Trinity NF,~1500-1520,41,-122.2,32416,48.9984375,21 structures destroyed,21,,,County-level approximate coordinates; verify exact location against InciWeb/NIFC before publication,2014 California wildfires (Wikipedia),0.03171419903
118,Lake Fire (2015),2015,2015-06-17,CA,San Bernardino,Big Bear / Lake Arrowhead,San Bernardino NF,~205-342,34.2,-117.15,31359,48.325,Not specified,,,,County-level approximate coordinates; verify exact location against InciWeb/NIFC before publication,CAL FIRE 2015 Incident Archive,0.03127831715
188,Middle Fork Complex,2021,2021-,OR,Lane,Oakridge,Willamette NF / Waldo Lake,~1930-1960,43.75,-122.15,30928,47.584375,"Willamette NF, directly on PCT corridor near Waldo Lake",,,,County-level approximate coordinates; verify exact location against InciWeb/NIFC before publication,USFS PNW 2021 Wildfire Summary,0.03079894822
51,Uncles Complex,2006,2006-07-23,CA,Siskiyou,Etna / Seiad Valley,Klamath NF,~1600-1650,41.7,-122.85,30454,47.303125,1 structure destroyed,1,,,County-level approximate coordinates; verify exact location against InciWeb/NIFC before publication,2006 California wildfires (Wikipedia),0.03061690939
99,Powerhouse,2013,2013-05-30,CA,Los Angeles,Wrightwood,Angeles NF,~365-425,34.35,-117.8,30274,45.9625,58 structures destroyed,58,,,County-level approximate coordinates; verify exact location against InciWeb/NIFC before publication,2013 California wildfires (Wikipedia),0.02974919094
119,South Complex (2015),2015,2015-07-30,CA,Trinity,Weaverville,Shasta-Trinity NF - western part,"N/A (bordering, likely west of corridor)",40.85,-123.1,29416,45.840625,NEEDS DISTANCE VERIFICATION,,,,NEEDS DISTANCE VERIFICATION vs 50-mi PCT corridor,CAL FIRE 2015 Incident Archive,0.02967030744
89,Comanche Complex,2011,2011-09-10,CA,Kern,Kernville / Lake Isabella,Kern River / Kennedy Meadows,~650-702,35.75,-118.45,29338,45.815625,Originated as 4 separate fires,,,,County-level approximate coordinates; verify exact location against InciWeb/NIFC before publication,2011 California wildfires (Wikipedia),0.02965412621
124,Cedar Fire (2016),2016,2016-08-16,CA,Kern,Kernville / Lake Isabella,Kern River / Kennedy Meadows,~650-702,35.75,-118.45,29322,43.903125,Not specified,,,,County-level approximate coordinates; verify exact location against InciWeb/NIFC before publication,CAL FIRE 2016 Incident Archive,0.02841626214
162,Fairview Fire,2022,2022-09-05,CA,Riverside,Idyllwild / Anza,San Jacinto Mtns,~151-200,33.75,-116.75,28098,43.8734375,Not specified,,,,County-level approximate coordinates; verify exact location against InciWeb/NIFC before publication,CAL FIRE 2022 Incident Archive,0.02839704693
97,Reading,2012,2012-07-23,CA,Shasta,Mt. Shasta City,Shasta-Trinity NF,~1500-1520,41,-122.2,28079,43.65,Not specified,,,,County-level approximate coordinates; verify exact location against InciWeb/NIFC before publication,2012 California wildfires (Wikipedia),0.02825242718
75,Lakehead,2008,2008-06-21,CA,Shasta,Mt. Shasta City,Shasta-Trinity NF,~1500-1520,41,-122.2,27936,43.24375,Not specified,,,,County-level approximate coordinates; verify exact location against InciWeb/NIFC before publication,2008 California wildfires (Wikipedia),0.0279894822
98,Ponderosa (2012),2012,2012-08-18,CA,Tehama,Red Bluff,Lassen NF vicinity,N/A (bordering),40.15,-122.1,27676,43.0171875,133 structures destroyed; NEEDS DISTANCE VERIFICATION,133,,,NEEDS DISTANCE VERIFICATION vs 50-mi PCT corridor,2012 California wildfires (Wikipedia),0.02784283981
3,Mountain Fire (2013),2013,2013-07-15,CA,Southern California,Mountain Center / Idyllwild,San Jacinto segment,~mi 151-179,33.71,-116.72,27531,43.0171875,Electrical junction box malfunction (negligence),,0,25000000,"$25M is the federal lawsuit claim amount, not a confirmed total loss figure.",See Source #3,0.02784283981
130,Orleans Complex,2017,2017-07-26,CA,Siskiyou,Etna / Seiad Valley,Klamath NF,~1600-1650,41.7,-122.85,27276,41.4609375,Not specified,,,,County-level approximate coordinates; verify exact location against InciWeb/NIFC before publication,CAL FIRE 2017 Incident Archive,0.02683555825
159,French Fire (2021),2021,2021-08-18,CA,Kern,Kernville / Lake Isabella,Kern River / Kennedy Meadows,~650-702,35.75,-118.45,26535,41.2640625,"Human-caused, suspicious; 18 structures destroyed; 1 unrelated firefighter fatality",18,,,County-level approximate coordinates; verify exact location against InciWeb/NIFC before publication,French Fire 2021 (Wikipedia),0.02670813107
160,Lava Fire,2021,2021-06-24,CA,Siskiyou,Etna / Seiad Valley,Klamath NF,~1600-1650,41.7,-122.85,26409,39.3953125,Not specified,,,,County-level approximate coordinates; verify exact location against InciWeb/NIFC before publication,CAL FIRE 2021 Incident Archive,0.02549858414
90,Breckenridge Complex,2011,2011-09-10,CA,Kern,Kernville / Lake Isabella,Kern River / Kennedy Meadows,~650-702,35.75,-118.45,25213,39.0546875,Not specified,,,,County-level approximate coordinates; verify exact location against InciWeb/NIFC before publication,2011 California wildfires (Wikipedia),0.02527811489
196,Big Hollow Fire,2020,2020-09-,WA,Skamania,Stevenson,Gifford Pinchot NF,~2140-2160,45.85,-121.9,24995,38.896875,"Labor Day windstorm; Gifford Pinchot NF near Stevenson WA, PCT corridor",,,,County-level approximate coordinates; verify exact location against InciWeb/NIFC before publication,USFS PNW 2020 Wildfire Summary,0.02517597087
189,Bull Complex,2021,2021-,OR,Clackamas/Hood River,Government Camp,Mt. Hood NF,~2090-2100,45.15,-121.75,24894,37.828125,"Mt. Hood NF, PCT corridor",,,,County-level approximate coordinates; verify exact location against InciWeb/NIFC before publication,USFS PNW 2021 Wildfire Summary,0.0244842233
53,Millard Fire Assist,2006,2006-07-09,CA,Riverside,Idyllwild / Anza,San Jacinto Mtns,~151-200,33.75,-116.75,24210,37.6234375,Not specified,,,,County-level approximate coordinates; verify exact location against InciWeb/NIFC before publication,2006 California wildfires (Wikipedia),0.02435173948
202,Milli Fire,2017,2017-08-11,OR,Deschutes,Sisters,Deschutes NF / Three Sisters Wilderness,~1990-2020,44.15,-121.55,24079,36.9578125,"Lightning; Deschutes NF near Sisters, Three Sisters Wilderness directly on PCT",,,,County-level approximate coordinates; verify exact location against InciWeb/NIFC before publication,Milli Fire (Wikipedia),0.02392091424
93,Fort Complex,2012,2012-08-05,CA,Siskiyou,Etna / Seiad Valley,Klamath NF,~1600-1650,41.7,-122.85,23653,36.759375,Not specified,,,,County-level approximate coordinates; verify exact location against InciWeb/NIFC before publication,2012 California wildfires (Wikipedia),0.02379247573
179,Airport Fire (2024),2024,2024-09-09,CA,Orange/Riverside,Trabuco Canyon,Santa Ana Mtns - west of PCT corridor,N/A,33.65,-117.45,23526,36.6375,"Began in Trabuco Canyon; NEEDS DISTANCE VERIFICATION -- Santa Ana Mtns, likely >50mi from PCT",,,,NEEDS DISTANCE VERIFICATION vs 50-mi PCT corridor,2024 California wildfires (Wikipedia),0.02371359223
165,Palisades Fire,2025,2025-01-07,CA,Los Angeles,Wrightwood,Angeles NF,~365-425,34.35,-117.8,23448,36.5734375,"Suspected fireworks/rekindle; 6,837 structures destroyed; 12 fatalities; NEEDS DISTANCE VERIFICATION -- Pacific Palisades/Malibu is coastal Santa Monica Mtns, likely >50mi from PCT's Angeles NF segment",6837,12,,NEEDS DISTANCE VERIFICATION vs 50-mi PCT corridor,Los Angeles wildfires of 2025 (Britannica),0.02367212783
32,Copper,2002,2002-06-05,CA,Los Angeles,Wrightwood,Angeles NF,~365-425,34.35,-117.8,23407,36.53125,26 structures destroyed,26,,,County-level approximate coordinates; verify exact location against InciWeb/NIFC before publication,2002 California wildfires (Wikipedia),0.02364482201
204,Flat Fire (2025),2025,2025-08-21,OR,Deschutes,Sisters,Deschutes NF / Three Sisters Wilderness,~1990-2020,44.15,-121.55,23380,36.475,"Undetermined cause; near Sisters, directly on PCT/Three Sisters Wilderness corridor",,,,County-level approximate coordinates; verify exact location against InciWeb/NIFC before publication,Flat Fire 2025 (Wikipedia),0.02360841424
82,Humboldt (2008 Butte),2008,2008-06-11,CA,Butte,Paradise,Plumas NF vicinity,N/A (bordering),39.85,-121.4,23344,35.925,NEEDS DISTANCE VERIFICATION,,,,NEEDS DISTANCE VERIFICATION vs 50-mi PCT corridor,2008 California wildfires (Wikipedia),0.02325242718
100,Aspen,2013,2013-07-22,CA,Fresno,Shaver Lake / Huntington Lake,Sierra NF,~870-906,37.1,-119.1,22992,35.784375,Not specified,,,,County-level approximate coordinates; verify exact location against InciWeb/NIFC before publication,2013 California wildfires (Wikipedia),0.02316140777
57,Antelope Complex (2007),2007,2007-07-05,CA,Plumas,Quincy,Plumas NF,~1290-1330,39.95,-120.85,22902,35.6703125,2 structures destroyed,2,,,County-level approximate coordinates; verify exact location against InciWeb/NIFC before publication,2007 California wildfires (Wikipedia),0.02308758091
94,Vallecito Lightning Complex,2012,2012-08-13,CA,San Diego,Julian / Mt. Laguna,Mt. Laguna / San Felipe Hills,~40-90,33,-116.6,22829,35.5375,Not specified,,,,County-level approximate coordinates; verify exact location against InciWeb/NIFC before publication,2012 California wildfires (Wikipedia),0.02300161812
6,El Dorado Fire,2020,2020-09-05,CA,Southern California,Yucaipa / Oak Glen,San Gorgonio Wilderness segment,~mi 205-210,34.058,-116.989,22744,35.5375,"Pyrotechnic ""gender reveal"" device",10,1,42000000,Damage figure is a minimum reported estimate.,See Source #6,0.02300161812
104,American (2013),2013,2013-08-11,CA,Placer,Foresthill / Tahoe City,Tahoe NF,~1150-1170,39.15,-120.55,22407,34.134375,Not specified,,,,County-level approximate coordinates; verify exact location against InciWeb/NIFC before publication,2013 California wildfires (Wikipedia),0.0220934466
131,Helena-Fork Fire,2017,2017-08-30,CA,Trinity,Weaverville,Shasta-Trinity NF - western part,"N/A (bordering, likely west of corridor)",40.85,-123.1,21846,33.3546875,NEEDS DISTANCE VERIFICATION,,,,NEEDS DISTANCE VERIFICATION vs 50-mi PCT corridor,CAL FIRE 2017 Incident Archive,0.0215887945
200,Rum Creek Fire,2022,2022-08-17,OR,Josephine,Rand / Galice,Rogue River-Siskiyou NF,~1730-1780,42.55,-123.55,21347,32.903125,"Lightning; 1 firefighter fatality; Rogue River-Siskiyou NF, southern Oregon PCT corridor",,,,County-level approximate coordinates; verify exact location against InciWeb/NIFC before publication,2022 Oregon wildfires (Wikipedia),0.02129652104
181,Butler Fire,2025,2025-08-,CA,Siskiyou/Humboldt,Forks of Salmon,Klamath NF / Salmon River,~1650-1680,41.35,-123.3,21058,32.5890625,Lightning-caused; evacuations for Forks of Salmon; NEEDS DISTANCE VERIFICATION for Humboldt portion,,,,NEEDS DISTANCE VERIFICATION vs 50-mi PCT corridor,2025 California wildfires (Wikipedia),0.02109324434
35,Curve,2002,2002-09-01,CA,Los Angeles,Wrightwood,Angeles NF,~365-425,34.35,-117.8,20857,32.0953125,73 structures destroyed,73,,,County-level approximate coordinates; verify exact location against InciWeb/NIFC before publication,2002 California wildfires (Wikipedia),0.02077366505
76,American River Complex,2008,2008-06-21,CA,Placer,Foresthill / Tahoe City,Tahoe NF,~1150-1170,39.15,-120.55,20541,32.03125,Not specified,,,,County-level approximate coordinates; verify exact location against InciWeb/NIFC before publication,2008 California wildfires (Wikipedia),0.02073220065
86,Lion,2011,2011-07-08,CA,Tulare,Three Rivers / Kernville,Sequoia NF / Kern River,~766-800,36.1,-118.55,20500,31.70625,Not specified,,,,County-level approximate coordinates; verify exact location against InciWeb/NIFC before publication,2011 California wildfires (Wikipedia),0.02052184466
103,Silver (2013),2013,2013-08-07,CA,Riverside,Idyllwild / Anza,San Jacinto Mtns,~151-200,33.75,-116.75,20292,30.809375,Not specified,,,,County-level approximate coordinates; verify exact location against InciWeb/NIFC before publication,2013 California wildfires (Wikipedia),0.01994134304
72,Cub Complex,2008,2008-06-21,CA,Lassen,Old Station,Lassen NF,~1360-1420,40.55,-121.1,19718,30.06875,Not specified,,,,County-level approximate coordinates; verify exact location against InciWeb/NIFC before publication,2008 California wildfires (Wikipedia),0.01946197411
163,Oak Fire (2022),2022,2022-07-22,CA,Mariposa,Mariposa,Yosemite south entrance vicinity,N/A (bordering),37.65,-119.85,19244,29.721875,180 structures destroyed; NEEDS DISTANCE VERIFICATION (near Yosemite south entrance),180,,,NEEDS DISTANCE VERIFICATION vs 50-mi PCT corridor,CAL FIRE 2022 Incident Archive,0.01923745955
180,Green Fire (2025),2025,2025-07-01,CA,Shasta,Mt. Shasta City,Shasta-Trinity NF,~1500-1520,41,-122.2,19022,29.53125,Lightning-caused; Shasta-Trinity NF,,,,County-level approximate coordinates; verify exact location against InciWeb/NIFC before publication,2025 California wildfires (Wikipedia),0.01911407767
132,Lion Fire (2017),2017,2017-09-27,CA,Tulare,Three Rivers / Kernville,Sequoia NF / Kern River,~766-800,36.1,-118.55,18900,29.2265625,Not specified,,,,County-level approximate coordinates; verify exact location against InciWeb/NIFC before publication,CAL FIRE 2017 Incident Archive,0.01891686893
30,Coyote,2003,,CA,San Diego,Julian / Mt. Laguna,Mt. Laguna / San Felipe Hills,~40-90,33,-116.6,18705,29.090625,2 structures destroyed,2,,,County-level approximate coordinates; verify exact location against InciWeb/NIFC before publication,2003 California wildfires (Wikipedia),0.0188288835
133,R-4 Fire,2017,2017-08-30,CA,Lassen,Old Station,Lassen NF,~1360-1420,40.55,-121.1,18618,28.165625,Not specified,,,,County-level approximate coordinates; verify exact location against InciWeb/NIFC before publication,CAL FIRE 2017 Incident Archive,0.01823017799
44,Crown Complex,2004,2004-07-20,CA,Los Angeles,Wrightwood,Angeles NF,~365-425,34.35,-117.8,18026,27.63125,7 structures destroyed,7,,,County-level approximate coordinates; verify exact location against InciWeb/NIFC before publication,2004 California wildfires (Wikipedia),0.01788430421
59,Elk Complex,2007,2007-07-10,CA,Siskiyou,Etna / Seiad Valley,Klamath NF,~1600-1650,41.7,-122.85,17684,27.5,1 firefighter fatality,,,,County-level approximate coordinates; verify exact location against InciWeb/NIFC before publication,2007 California wildfires (Wikipedia),0.01779935275
174,Boone Fire,2024,2024-09-03,CA,Fresno/Monterey,Coalinga vicinity,Diablo Range - far west of PCT,N/A,36.3,-120.6,17600,27.215625,"NEEDS DISTANCE VERIFICATION (Fresno portion near Sierra NF, Monterey portion far)",,,,NEEDS DISTANCE VERIFICATION vs 50-mi PCT corridor,2024 California wildfires (Wikipedia),0.01761529126
43,Pine (2004),2004,2004-07-12,CA,Los Angeles,Wrightwood,Angeles NF,~365-425,34.35,-117.8,17418,27.0390625,"15 structures destroyed, 1 firefighter fatality",15,,,County-level approximate coordinates; verify exact location against InciWeb/NIFC before publication,2004 California wildfires (Wikipedia),0.01750101133
8,Lake Fire (2024),2024,2024-06-16,CA,Southern California,Whitewater / Big Bear (San Gorgonio Wilderness),San Gorgonio Wilderness segment,~mi 205-236,34.1,-116.8,17305,27.0390625,Under investigation,,0,,Closed PCT from Whitewater Preserve to Onyx Summit.,See Source #8,0.01750101133
45,Power,2004,2004-10-06,CA,Amador,Plymouth / Pioneer,Eldorado NF vicinity,~1084-1093,38.55,-120.4,16800,26.1890625,Not specified,,,,County-level approximate coordinates; verify exact location against InciWeb/NIFC before publication,2004 California wildfires (Wikipedia),0.01695084951
27,Star,2001,,CA,El Dorado,South Lake Tahoe,Eldorado NF / Echo Summit,~1084-1093,38.83,-120.2,16761,26.0640625,Not specified,,,,County-level approximate coordinates; verify exact location against InciWeb/NIFC before publication,2001 California wildfires (Wikipedia),0.01686994337
49,Horse (2006),2006,2006-07-23,CA,San Diego,Julian / Mt. Laguna,Mt. Laguna / San Felipe Hills,~40-90,33,-116.6,16681,25.71875,Not specified,,,,County-level approximate coordinates; verify exact location against InciWeb/NIFC before publication,2006 California wildfires (Wikipedia),0.01664644013
42,Cerrito,2004,2004-05-03,CA,Riverside,Idyllwild / Anza,San Jacinto Mtns,~151-200,33.75,-116.75,16460,25.690625,26 structures destroyed,26,,,County-level approximate coordinates; verify exact location against InciWeb/NIFC before publication,2004 California wildfires (Wikipedia),0.01662823625
84,Bull,2010,2010-07-26,CA,Kern,Kernville / Lake Isabella,Kern River / Kennedy Meadows,~650-702,35.75,-118.45,16442,25.0484375,14 structures destroyed,14,,,County-level approximate coordinates; verify exact location against InciWeb/NIFC before publication,2010 California wildfires (Wikipedia),0.01621258091
134,Schaeffer Fire,2017,2017-06-24,CA,Tulare,Three Rivers / Kernville,Sequoia NF / Kern River,~766-800,36.1,-118.55,16031,24.4046875,Not specified,,,,County-level approximate coordinates; verify exact location against InciWeb/NIFC before publication,CAL FIRE 2017 Incident Archive,0.01579591424
135,Creek Fire (2017),2017,2017-12-04,CA,Los Angeles,Wrightwood,Angeles NF,~365-425,34.35,-117.8,15619,24.3171875,Not specified,,,,County-level approximate coordinates; verify exact location against InciWeb/NIFC before publication,CAL FIRE 2017 Incident Archive,0.01573927994
168,Post Fire,2024,2024-06-15,CA,Los Angeles/Ventura,Gorman,I-5 corridor / Tehachapi vicinity,~517-558,34.8,-118.85,15563,24.25,Began near Gorman along I-5,,,,County-level approximate coordinates; verify exact location against InciWeb/NIFC before publication,2024 California wildfires (Wikipedia),0.01569579288
176,Shelly Fire,2024,2024-07-03,CA,Siskiyou,Etna / Seiad Valley,Klamath NF,~1600-1650,41.7,-122.85,15520,23.665625,"8 firefighters injured; near Etna, Klamath NF PCT corridor",,,,County-level approximate coordinates; verify exact location against InciWeb/NIFC before publication,2024 California wildfires (Wikipedia),0.01531755663
69,Hells Half Complex,2008,2008-06-20,CA,Trinity,Weaverville,Shasta-Trinity NF - western part,"N/A (bordering, likely west of corridor)",40.85,-123.1,15146,23.053125,NEEDS DISTANCE VERIFICATION,,,,NEEDS DISTANCE VERIFICATION vs 50-mi PCT corridor,2008 California wildfires (Wikipedia),0.0149211165
102,Salmon River Complex,2013,2013-07-31,CA,Siskiyou,Etna / Seiad Valley,Klamath NF,~1600-1650,41.7,-122.85,14754,22.7890625,Not specified,,,,County-level approximate coordinates; verify exact location against InciWeb/NIFC before publication,2013 California wildfires (Wikipedia),0.01475020227
88,Canyon (2011),2011,2011-09-04,CA,Kern,Kernville / Lake Isabella,Kern River / Kennedy Meadows,~650-702,35.75,-118.45,14585,22.65625,100 structures destroyed,100,,,County-level approximate coordinates; verify exact location against InciWeb/NIFC before publication,2011 California wildfires (Wikipedia),0.01466423948
24,Martis,2001,,CA,Nevada,Truckee,Tahoe NF / Donner Pass area,~1150-1170,39.3,-120.75,14500,22.5796875,Campfire,,,,County-level approximate coordinates; verify exact location against InciWeb/NIFC before publication,2001 California wildfires (Wikipedia),0.01461468447
21,Bolt Creek Fire,2022,2022-09-09,WA,Washington,Skykomish (US Hwy 2 corridor),Stevens Pass segment,~mi 2450-2470,47.728,-121.346,14451,22.5796875,Human-caused (accidental),1,0,8700000,Original curated entry (see Source #21 in Sources tab),See Source #21,0.01461468447
106,Pulgas,2014,2014-05-15,CA,San Diego,Julian / Mt. Laguna,Mt. Laguna / San Felipe Hills,~40-90,33,-116.6,14416,22.3125,Not specified,,,,County-level approximate coordinates; verify exact location against InciWeb/NIFC before publication,2014 California wildfires (Wikipedia),0.01444174757
28,Darby,2001,,CA,Calaveras,Angels Camp,Stanislaus NF vicinity,~1050-1070,38.3,-120.3,14280,22.0375,Undetermined,,,,County-level approximate coordinates; verify exact location against InciWeb/NIFC before publication,2001 California wildfires (Wikipedia),0.01426375405
173,Coffee Pot Fire,2024,2024-08-03,CA,Tulare,Three Rivers / Kernville,Sequoia NF / Kern River,~766-800,36.1,-118.55,14104,22.03125,Burned in Sequoia National Park; lightning,,,,County-level approximate coordinates; verify exact location against InciWeb/NIFC before publication,2024 California wildfires (Wikipedia),0.01425970874
87,Eagle (2011),2011,2011-07-21,CA,San Diego,Julian / Mt. Laguna,Mt. Laguna / San Felipe Hills,~40-90,33,-116.6,14100,21.9359375,Not specified,,,,County-level approximate coordinates; verify exact location against InciWeb/NIFC before publication,2011 California wildfires (Wikipedia),0.0141980178
61,Butler 2,2007,2007-09-14,CA,San Bernardino,Big Bear / Lake Arrowhead,San Bernardino NF,~205-342,34.2,-117.15,14039,21.9109375,3 structures destroyed,3,,,County-level approximate coordinates; verify exact location against InciWeb/NIFC before publication,2007 California wildfires (Wikipedia),0.01418183657
175,Basin Fire (2024),2024,2024-06-26,CA,Fresno,Shaver Lake / Huntington Lake,Sierra NF,~870-906,37.1,-119.1,14023,21.9078125,"Kirch Flat/Balch Camp area, Kings River, Sierra NF",,,,County-level approximate coordinates; verify exact location against InciWeb/NIFC before publication,2024 California wildfires (Wikipedia),0.01417981392
166,Eaton Fire,2025,2025-01-07,CA,Los Angeles,Wrightwood,Angeles NF,~365-425,34.35,-117.8,14021,21.746875,"Power lines; 9,414 structures destroyed; 18-19 fatalities; NEEDS DISTANCE VERIFICATION -- Altadena is San Gabriel foothill community, possibly within 50mi of PCT Angeles NF crest segment",9414,19,,NEEDS DISTANCE VERIFICATION vs 50-mi PCT corridor,Los Angeles wildfires of 2025 (Britannica),0.01407564725
85,Crown (2010),2010,2010-07-29,CA,Los Angeles,Wrightwood,Angeles NF,~365-425,34.35,-117.8,13918,21.621875,10 structures destroyed,10,,,County-level approximate coordinates; verify exact location against InciWeb/NIFC before publication,2010 California wildfires (Wikipedia),0.0139947411
108,French (2014),2014,2014-07-28,CA,Madera,Bass Lake,Sierra NF,~880-910,37.35,-119.45,13838,21,Not specified,,,,County-level approximate coordinates; verify exact location against InciWeb/NIFC before publication,2014 California wildfires (Wikipedia),0.01359223301
164,Mountain Fire (2022),2022,2022-09-02,CA,Siskiyou,Etna / Seiad Valley,Klamath NF,~1600-1650,41.7,-122.85,13440,20.9640625,Not specified,,,,County-level approximate coordinates; verify exact location against InciWeb/NIFC before publication,CAL FIRE 2022 Incident Archive,0.01356897249
136,Buck Fire (2017),2017,2017-09-12,CA,Trinity,Weaverville,Shasta-Trinity NF - western part,"N/A (bordering, likely west of corridor)",40.85,-123.1,13417,20.5296875,NEEDS DISTANCE VERIFICATION,,,,NEEDS DISTANCE VERIFICATION vs 50-mi PCT corridor,CAL FIRE 2017 Incident Archive,0.01328782362
5,Cranston Fire,2018,2018-07-25,CA,Southern California,Idyllwild / Mountain Center,San Jacinto segment,~mi 151-179,33.72,-116.8,13139,20.5296875,Arson (convicted: Brandon N. McGlover),12,0,22060000,Original curated entry (see Source #5 in Sources tab),See Source #5,0.01328782362
46,French (2004),2004,2004-08-14,CA,Shasta,Mt. Shasta City,Shasta-Trinity NF,~1500-1520,41,-122.2,13005,20.2609375,30 structures destroyed,30,,,County-level approximate coordinates; verify exact location against InciWeb/NIFC before publication,2004 California wildfires (Wikipedia),0.0131138754
177,Boise Fire,2024,2024-08-09,CA,Humboldt/Siskiyou,Willow Creek / Somes Bar,Six Rivers NF - west edge of Klamath NF,N/A,41.3,-123.4,12967,19.9359375,Burned in Six Rivers and Klamath NF; NEEDS DISTANCE VERIFICATION for Humboldt portion,,,,NEEDS DISTANCE VERIFICATION vs 50-mi PCT corridor,2024 California wildfires (Wikipedia),0.01290351942
66,Slide,2007,2007-10-22,CA,San Bernardino,Big Bear / Lake Arrowhead,San Bernardino NF,~205-342,34.2,-117.15,12759,19.7828125,272 structures destroyed,272,,,County-level approximate coordinates; verify exact location against InciWeb/NIFC before publication,2007 California wildfires (Wikipedia),0.01280440939
107,Bully,2014,2014-07-11,CA,Shasta,Mt. Shasta City,Shasta-Trinity NF,~1500-1520,41,-122.2,12661,19.646875,"20 structures destroyed, 1 civilian fatality",20,1,,County-level approximate coordinates; verify exact location against InciWeb/NIFC before publication,2014 California wildfires (Wikipedia),0.01271642395
95,Indian (2012),2012,2012-08-08,CA,Mono,Mammoth Lakes / Bridgeport,Inyo NF / Toiyabe NF,~906-1000,37.95,-119.05,12574,19.5984375,Not specified,,,,County-level approximate coordinates; verify exact location against InciWeb/NIFC before publication,2012 California wildfires (Wikipedia),0.01268507282
170,Happy Fire,2024,2024-07-16,CA,Fresno,Shaver Lake / Huntington Lake,Sierra NF,~870-906,37.1,-119.1,12543,19.459375,Burned in Monarch Wilderness/Kings Canyon NP; lightning,,,,County-level approximate coordinates; verify exact location against InciWeb/NIFC before publication,2024 California wildfires (Wikipedia),0.01259506472
56,White (2007),2007,2007-06-24,CA,Kern,Kernville / Lake Isabella,Kern River / Kennedy Meadows,~650-702,35.75,-118.45,12454,19.3859375,31 structures destroyed,31,,,County-level approximate coordinates; verify exact location against InciWeb/NIFC before publication,2007 California wildfires (Wikipedia),0.01254753236
137,Railroad Fire,2017,2017-08-29,CA,Madera,Bass Lake,Sierra NF,~880-910,37.35,-119.45,12407,18.75,Not specified,,,,County-level approximate coordinates; verify exact location against InciWeb/NIFC before publication,CAL FIRE 2017 Incident Archive,0.01213592233
31,Nicholas,2002,2002-03-16,CA,Madera,Bass Lake,Sierra NF,~880-910,37.35,-119.45,12000,18.6390625,Not specified,,,,County-level approximate coordinates; verify exact location against InciWeb/NIFC before publication,2002 California wildfires (Wikipedia),0.01206411812
183,Dillon Fire,2025,2025-08-25,CA,Siskiyou,Etna / Seiad Valley,Klamath NF,~1600-1650,41.7,-122.85,11929,18.38125,Closed SR-96 in Klamath National Forest,,,,County-level approximate coordinates; verify exact location against InciWeb/NIFC before publication,2025 California wildfires (Wikipedia),0.01189724919
198,Williams Mine Fire,2024,2024-08-05,WA,Skamania/Klickitat,Trout Lake,Gifford Pinchot NF / Mt. Adams Wilderness,~2230-2250,46.15,-121.55,11764,18.11875,"Lightning; Gifford Pinchot NF, Mt. Adams Wilderness; directly closed a PCT segment (FS-23 to Potato Hill)",,,,County-level approximate coordinates; verify exact location against InciWeb/NIFC before publication,NW Fire Blog / Yakima Herald / InciWeb updates,0.01172734628
78,Tehipite,2008,2008-07-19,CA,Fresno,Shaver Lake / Huntington Lake,Sierra NF,~870-906,37.1,-119.1,11596,17.8578125,Not specified,,,,County-level approximate coordinates; verify exact location against InciWeb/NIFC before publication,2008 California wildfires (Wikipedia),0.01155845469
105,Deer (2013),2013,2013-08-23,CA,Tehama,Red Bluff,Lassen NF vicinity,N/A (bordering),40.15,-122.1,11429,17.3359375,NEEDS DISTANCE VERIFICATION,,,,NEEDS DISTANCE VERIFICATION vs 50-mi PCT corridor,2013 California wildfires (Wikipedia),0.01122067152
26,Creek,2001,,CA,Mariposa/Tuolumne,Groveland,Stanislaus NF / Sonora Pass vicinity,~1000-1020,37.9,-119.8,11095,16.95,Arson; destroyed 43 structures,,,,County-level approximate coordinates; verify exact location against InciWeb/NIFC before publication,2001 California wildfires (Wikipedia),0.01097087379
47,Bear (2004),2004,2004-08-11,CA,Shasta,Mt. Shasta City,Shasta-Trinity NF,~1500-1520,41,-122.2,10848,16.5875,86 structures destroyed,86,,,County-level approximate coordinates; verify exact location against InciWeb/NIFC before publication,2004 California wildfires (Wikipedia),0.01073624595
178,Fresno June Lightning Complex,2024,2024-06-25,CA,Fresno,Shaver Lake / Huntington Lake,Sierra NF,~870-906,37.1,-119.1,10616,16.5375,"Consisted of Flash, Bolt, Hog and other fires; lightning",,,,County-level approximate coordinates; verify exact location against InciWeb/NIFC before publication,2024 California wildfires (Wikipedia),0.0107038835
55,Sierra (2006),2006,2006-02-06,CA,Riverside,Idyllwild / Anza,San Jacinto Mtns,~151-200,33.75,-116.75,10584,16.515625,NEEDS DISTANCE VERIFICATION,,,,NEEDS DISTANCE VERIFICATION vs 50-mi PCT corridor,2006 California wildfires (Wikipedia),0.01068972492
120,Dodge Fire,2015,2015-08-03,CA,Lassen,Old Station,Lassen NF,~1360-1420,40.55,-121.1,10570,16.2890625,Not specified,,,,County-level approximate coordinates; verify exact location against InciWeb/NIFC before publication,CAL FIRE 2015 Incident Archive,0.01054308252
167,Hughes Fire,2025,2025-01-22,CA,Los Angeles,Wrightwood,Angeles NF,~365-425,34.35,-117.8,10425,16.1765625,Near Castaic Lake; associated with powerful Santa Ana wind event; NEEDS DISTANCE VERIFICATION,,,,NEEDS DISTANCE VERIFICATION vs 50-mi PCT corridor,CBS News LA fire maps Jan 2025,0.01047026699
29,Viejas,2001,,CA,San Diego,Julian / Mt. Laguna,Mt. Laguna / San Felipe Hills,~40-90,33,-116.6,10353,16.0875,Smoking; destroyed 16 structures,,,,County-level approximate coordinates; verify exact location against InciWeb/NIFC before publication,2001 California wildfires (Wikipedia),0.01041262136
146,Taboose Fire,2019,2019-10-01,CA,Inyo,Independence / Big Pine,Inyo NF / Sierra crest,~766-880,36.85,-118.3,10296,15.625,Not specified,,,,County-level approximate coordinates; verify exact location against InciWeb/NIFC before publication,2019 California wildfires (CHDS.us summary),0.01011326861
40,Mountain (2003),2003,2003-10-26,CA,Riverside,Idyllwild / Anza,San Jacinto Mtns,~151-200,33.75,-116.75,10000,15.625,61 structures destroyed,61,,,County-level approximate coordinates; verify exact location against InciWeb/NIFC before publication,2003 California wildfires (Wikipedia),0.01011326861
138,Elm Fire,2017,2017-05-18,CA,Fresno,Shaver Lake / Huntington Lake,Sierra NF,~870-906,37.1,-119.1,10000,0,Not specified,,,,County-level approximate coordinates; verify exact location against InciWeb/NIFC before publication,CAL FIRE 2017 Incident Archive,0
